7	TRP	0.29
8	GLN	0.2
9	GLN	0.2
11	LEU	0.073
12	ASN	0.1
13	VAL	0.093
14	TRP	0.22
18	GLU	0.073
21	ILE	0.12
24	HIS	0.015
26	GLN	0.019
27	GLU	0.019
30	ILE	0.22
31	ARG	0.011
33	PHE	0.04
36	HIS	0.33
37	PRO	0.054
38	GLU	0.031
40	LEU	0.07
42	LYS	0.033
66	THR	0.008
67	VAL	0.037
68	VAL	0.18
69	LEU	0.044
70	THR	0.16
72	LEU	0.054
77	LYS	0.028
113	HIS	1.14
116	HIS	1.04
119	HIS	0.43
120	PRO	0.43
123	PHE	0.04
125	ALA	0.21
126	ASP	0.098
128	GLN	0.22
131	MET	1.06
136	GLU	0.016
137	LEU	0.12
138	PHE	0.05
139	ARG	0.003
147	LYS	1.07
149	LEU	0.22
151	PHE	0.26
